Responses,LP1,LP2,LP3,LP4,LP5,LP,GP1,GP2,GP3,GP4,GP5,GP6,GP7,GP8,GP,SS1,SS2,SS3,SS4,SS5,SS6,SS7,SS,OP1,OP2,OP3,OP4,OP5,OP6,OP,FP1,FP2,FP3,FP4,FP5,FP,SP1,SP2,SP3,SP4,SP5,SP,EP1,EP2,EP3,EP4,EP5,EP6,EP7,EP
1,4,5,3,4,3,4,4,3,4,2,3,3,4,4,3,4,3,4,3,4,4,4,4,4,5,5,4,4,4,4,5,4,4,4,4,4,4,5,4,4,4,4,3,3,4,3,3,3,3,3
2,4,4,4,4,4,4,4,4,4,4,4,4,4,4,4,4,4,4,4,4,4,4,4,4,4,4,4,4,4,4,4,4,4,4,4,4,4,4,4,4,4,4,4,4,4,4,4,4,4,4
3,4,4,4,4,4,4,4,4,4,4,5,,4,3,4,5,3,5,4,4,5,4,4,5,4,3,4,5,5,4,4,5,5,4,5,5,5,5,4,5,4,5,5,5,4,4,5,4,5,5
4,5,5,5,5,5,5,5,5,5,5,5,5,5,5,5,5,5,5,5,5,5,5,5,5,5,5,5,5,5,5,5,5,5,5,5,5,5,5,5,5,5,5,5,5,5,5,5,5,5,5
5,3,3,3,3,3,3,3,3,3,3,3,3,3,3,3,3,3,3,3,3,3,3,3,3,3,3,3,3,3,3,3,3,3,3,3,3,3,3,3,3,3,3,4,4,3,4,4,3,4,4
6,3,4,3,3,4,3,4,5,4,4,4,5,4,4,4,4,3,4,3,3,3,4,3,4,3,4,4,4,4,4,4,4,5,4,5,4,5,4,4,4,5,4,3,3,4,4,4,4,4,4
7,4,4,4,4,4,4,4,3,4,4,4,4,4,4,4,5,5,5,5,5,4,4,5,4,4,4,4,5,4,4,4,4,4,4,4,4,4,4,4,5,5,4,5,4,4,4,4,4,4,4
8,3,4,2,3,4,3,4,3,4,4,4,5,5,4,4,5,4,4,5,4,4,4,4,4,4,4,3,3,4,4,4,4,4,5,5,4,4,4,4,5,5,4,3,3,4,4,3,4,4,4
9,4,4,4,3,4,4,4,5,5,4,4,4,4,4,4,4,4,4,4,5,5,5,4,4,4,4,4,4,4,4,4,4,4,3,4,4,5,4,4,4,4,4,4,4,4,4,4,4,4,4
10,4,4,4,5,4,4,5,4,4,4,4,4,4,4,4,5,4,4,4,5,4,5,4,4,4,4,4,4,4,4,5,4,4,4,4,4,4,4,4,4,4,4,4,4,5,4,4,5,5,4
11,4,1,4,4,4,3,5,4,4,4,4,4,4,4,4,4,4,4,4,4,4,4,4,4,4,4,4,4,4,4,4,4,3,3,4,4,4,4,4,4,5,4,4,4,4,4,4,4,4,4
12,4,4,4,4,4,4,4,5,3,4,4,5,5,4,4,4,5,4,4,4,5,5,4,5,4,5,5,5,5,5,5,5,5,4,5,5,5,5,5,5,5,5,5,5,5,5,5,5,5,5
13,4,3,4,4,4,4,5,4,4,4,4,4,4,4,4,4,4,4,4,4,4,4,4,4,4,4,4,4,4,4,4,4,4,4,4,4,4,4,4,4,4,4,4,4,4,4,4,4,4,4
14,4,5,4,3,4,4,4,4,4,3,5,4,4,5,4,4,4,5,4,5,4,5,4,4,4,4,5,4,4,4,3,4,4,4,5,4,5,5,4,4,4,4,4,4,5,4,4,4,5,4
15,4,4,3,5,4,4,4,4,5,3,5,4,5,3,4,5,4,4,3,5,4,5,4,4,5,4,5,5,5,5,4,4,5,4,5,4,4,3,5,5,5,4,4,3,5,3,4,4,5,4
16,3,4,2,3,3,3,3,4,5,3,4,5,5,4,4,4,4,5,4,3,4,4,4,5,4,4,4,4,4,4,4,4,5,4,3,4,4,4,5,4,5,4,5,4,4,5,3,4,3,4
17,3,2,2,3,2,2,2,5,3,4,3,4,4,3,4,4,2,3,3,3,3,4,3,3,4,3,4,3,4,4,4,4,3,4,4,4,4,4,3,4,4,4,3,4,2,2,3,3,4,3
18,3,4,2,4,5,4,4,4,3,3,3,4,5,5,4,5,4,5,4,4,4,4,4,4,5,5,5,4,3,4,4,4,4,4,4,4,4,4,4,5,4,4,4,5,4,5,4,4,5,4
19,4,5,3,5,3,4,4,5,4,4,3,4,3,5,4,4,5,4,4,4,4,5,4,4,4,4,5,4,4,4,4,4,4,5,4,4,3,4,4,4,5,4,5,4,5,5,4,4,4,4
20,5,4,2,3,4,4,5,5,4,3,4,4,5,5,4,4,4,3,2,4,3,4,3,5,5,5,4,4,4,5,4,4,4,4,4,4,4,4,4,4,4,4,4,4,4,4,4,4,3,4
21,4,4,3,5,4,4,3,5,4,4,3,4,4,5,4,4,4,5,3,4,5,4,4,5,4,4,5,5,4,5,5,4,4,4,5,4,5,5,4,4,5,5,5,4,4,4,5,4,5,4
22,4,3,3,4,4,4,4,5,4,3,3,4,5,4,4,4,4,4,4,4,5,4,4,5,5,4,4,4,4,4,4,5,5,4,4,4,4,4,4,5,5,4,4,5,5,5,5,4,4,5
23,4,4,3,4,5,4,4,5,4,5,4,4,4,5,4,4,5,5,3,4,4,4,4,5,5,4,5,4,4,5,4,4,4,5,5,4,5,4,5,4,5,5,5,5,5,5,4,4,4,5
24,5,4,4,5,5,5,5,5,4,3,4,3,4,3,4,4,4,5,3,4,4,4,4,5,5,4,5,5,4,5,5,4,5,4,4,4,5,5,4,3,5,4,4,5,3,4,4,4,4,4
25,4,5,4,5,4,4,5,5,4,5,4,5,4,5,5,4,4,5,5,4,5,4,4,5,4,5,5,5,5,5,5,4,5,4,5,5,4,5,4,5,4,4,4,5,4,4,5,5,5,5
26,2,3,2,3,2,2,3,4,3,5,4,3,4,4,4,3,4,4,3,4,4,4,4,5,3,4,3,3,4,4,3,4,4,4,3,4,4,5,4,3,4,4,4,4,4,4,3,4,4,4
27,4,4,5,5,3,4,4,5,4,2,2,2,3,2,3,4,3,4,3,4,3,4,4,3,4,3,3,4,3,3,3,4,4,4,3,4,4,4,3,5,3,4,4,3,4,4,4,4,3,4
28,3,4,3,4,4,4,3,5,4,5,4,5,4,4,4,5,4,4,4,4,5,3,4,3,3,3,4,4,5,4,4,5,4,4,5,4,4,5,4,5,4,4,4,5,4,5,4,4,4,4
29,3,1,1,2,2,2,3,4,3,2,3,2,3,2,3,3,2,3,3,2,3,2,3,3,3,3,3,3,4,3,4,4,3,4,5,4,4,5,4,5,4,4,5,4,5,2,1,2,3,3
30,3,4,4,3,4,4,1,4,3,1,2,2,3,2,2,1,2,2,3,2,2,1,2,3,4,3,3,4,3,3,4,3,4,3,4,4,4,4,4,3,4,4,4,4,5,4,4,4,4,4
31,3,1,1,2,3,2,2,3,3,3,2,3,3,4,3,2,3,3,4,3,3,3,3,4,4,3,4,3,3,4,4,3,4,3,4,4,4,4,4,3,4,4,4,4,3,4,3,4,3,4
32,3,3,3,4,3,3,5,5,4,4,4,5,4,4,4,5,4,4,4,5,4,5,4,4,5,4,5,4,4,4,5,4,4,5,4,4,4,4,4,5,4,4,4,5,4,4,5,4,4,4
33,3,3,4,2,1,3,4,5,5,4,3,4,3,4,4,3,4,4,3,4,3,4,4,4,4,3,5,4,3,4,4,4,3,4,4,4,4,4,5,4,4,4,4,4,4,4,4,1,4,4
34,4,4,3,5,3,4,1,5,3,2,3,2,2,3,3,1,2,2,1,2,2,3,2,4,3,2,4,3,5,4,3,3,4,3,4,3,3,4,4,4,4,4,4,3,4,3,3,3,4,3
35,3,2,2,3,2,2,2,3,2,3,2,3,2,3,3,3,3,3,2,3,2,3,3,3,3,2,3,4,4,3,3,3,4,3,4,3,2,3,4,3,3,3,4,3,4,3,4,4,3,4
36,2,3,4,4,3,3,2,4,4,3,4,3,4,3,3,4,3,4,3,4,4,3,4,4,3,4,4,4,4,4,5,4,3,5,4,4,4,4,5,4,5,4,4,5,4,4,5,4,4,4
37,2,3,4,4,3,3,4,4,5,4,4,3,4,4,4,4,4,4,4,3,4,4,4,4,4,3,4,4,4,4,3,4,4,4,4,4,4,4,4,4,4,4,5,4,4,4,4,5,4,4
38,4,3,3,4,3,3,4,3,4,3,4,3,4,4,4,3,4,4,3,3,4,3,3,4,3,4,4,4,4,4,4,4,4,4,3,4,5,4,3,4,3,4,4,4,3,3,4,3,5,4
39,4,3,4,3,4,4,3,4,4,4,3,4,4,3,4,4,4,3,2,2,3,3,3,5,4,4,4,4,4,4,5,4,4,5,4,4,4,4,4,4,4,4,4,4,4,4,5,4,4,4
40,3,4,4,5,4,4,4,5,5,4,4,5,5,4,5,5,4,4,5,5,4,3,4,5,5,4,5,5,4,5,5,5,4,5,5,5,5,4,5,5,5,5,4,4,4,4,5,5,5,4
41,5,5,5,4,5,5,5,5,5,5,5,5,4,4,5,4,5,4,4,4,4,4,4,5,5,5,5,5,4,5,5,5,5,5,5,5,5,4,5,4,5,5,5,4,5,5,4,5,4,5
42,4,4,4,5,4,4,5,5,4,5,5,5,4,5,5,5,5,5,4,5,4,5,5,5,5,4,5,4,5,5,5,5,5,5,4,5,5,5,4,5,5,5,4,5,5,4,5,4,5,5
43,5,4,4,5,4,4,5,5,4,5,4,5,4,5,5,5,4,4,4,5,4,4,4,4,4,4,5,5,4,4,5,5,4,5,4,5,5,5,5,5,5,5,5,5,5,5,5,5,5,5
44,4,5,4,4,5,4,4,4,5,4,5,4,5,4,4,4,5,5,4,5,5,4,5,5,4,5,5,5,5,5,5,4,5,5,5,5,5,5,5,4,5,5,4,5,5,4,5,5,5,5
45,4,5,4,5,4,4,5,5,5,5,5,5,5,4,5,5,5,5,5,5,4,5,5,5,5,5,4,5,5,5,5,5,4,5,5,5,5,5,5,5,5,5,5,5,5,4,5,5,5,5
46,5,4,5,5,5,5,4,5,5,4,4,3,4,5,4,5,4,5,5,4,5,4,5,5,4,5,5,5,4,5,5,5,5,5,4,5,5,5,5,5,5,5,5,5,4,5,5,4,5,5
47,5,4,5,5,5,5,4,5,5,5,5,4,5,5,5,5,5,5,4,5,5,5,5,5,5,4,5,5,5,5,5,5,5,5,5,5,4,5,5,5,5,5,5,5,5,5,5,5,5,5
48,4,5,4,5,4,4,5,5,5,5,4,5,4,5,5,5,5,5,5,4,5,5,5,4,5,5,5,5,5,5,5,5,5,5,5,5,5,5,5,4,5,5,5,5,4,5,5,5,,5
49,5,4,4,5,5,5,4,5,4,5,5,4,5,5,5,5,5,4,5,4,5,4,5,5,5,4,4,5,5,5,5,5,5,5,5,5,5,4,5,4,4,4,5,5,4,5,5,4,5,5
50,4,5,4,5,4,4,4,5,4,5,4,5,4,5,5,4,5,5,5,4,5,5,5,4,5,5,4,5,4,5,5,5,5,5,5,5,5,5,5,5,5,5,5,5,5,5,5,5,5,5
51,5,5,4,5,5,5,5,5,5,5,5,5,5,4,5,5,5,5,5,5,5,5,5,5,4,5,4,5,5,5,5,5,5,5,5,5,4,5,5,5,5,5,5,5,5,5,5,5,5,5
52,4,5,4,5,5,5,5,5,4,5,4,5,5,5,5,5,5,4,5,5,5,5,5,5,5,5,5,5,5,5,5,5,5,5,5,5,5,5,4,5,5,5,5,5,5,5,5,5,5,5
53,5,5,4,5,5,5,5,5,5,5,5,4,5,5,5,5,5,5,5,4,5,5,5,5,5,5,5,5,5,5,5,5,5,5,5,5,5,5,4,5,5,5,5,5,4,5,5,5,4,5
54,4,5,4,5,4,4,5,5,5,5,4,5,5,4,5,5,4,5,4,5,5,5,5,5,5,5,5,5,5,5,5,5,5,5,5,5,5,4,5,5,5,5,5,5,5,5,5,5,5,5
55,5,5,4,5,4,5,5,5,4,5,4,5,5,5,5,5,4,5,4,4,5,5,5,5,4,5,5,5,5,5,5,5,5,5,5,5,3,5,5,4,5,4,5,5,5,5,5,5,5,5
56,5,5,5,5,5,5,5,5,5,5,5,5,5,5,5,5,5,5,5,5,5,5,5,5,5,5,4,5,5,5,5,5,5,5,5,5,4,5,5,5,5,5,5,5,5,5,5,5,5,5
57,4,4,3,4,3,4,4,4,4,5,4,4,5,4,4,5,5,5,4,4,5,5,5,4,5,5,4,4,5,5,5,5,5,5,5,5,5,5,4,5,5,5,5,5,4,5,5,5,5,5
58,5,4,3,4,4,4,4,4,4,4,4,4,5,4,4,4,5,4,5,4,5,5,5,5,4,5,5,4,5,5,5,5,5,4,5,5,5,5,5,5,5,5,4,5,5,5,5,4,5,5
59,5,4,4,5,5,5,5,5,5,4,5,4,4,4,5,5,4,5,4,5,5,5,5,5,5,5,4,5,5,5,5,5,5,5,5,5,4,5,5,5,5,5,5,5,5,5,5,5,5,5
60,4,4,4,5,4,4,4,5,4,5,4,4,5,4,4,5,5,5,5,4,4,4,5,5,4,5,5,4,5,5,5,4,5,4,4,4,5,4,5,4,5,5,5,5,4,5,5,4,5,5
61,5,4,3,4,4,4,4,5,4,3,4,5,4,4,4,3,4,5,4,4,5,4,4,4,5,4,5,4,4,4,5,4,4,4,4,4,5,4,5,4,5,5,4,4,4,5,4,3,3,4
62,4,5,4,4,5,4,5,5,4,4,4,4,5,4,4,5,4,4,4,5,4,4,4,5,4,4,5,4,5,5,4,4,5,5,4,4,5,4,5,4,5,5,5,5,4,4,4,4,4,4
63,5,4,4,4,5,4,5,5,5,4,5,5,5,5,5,4,5,4,4,4,4,4,4,5,5,4,5,4,4,5,5,4,5,4,4,4,5,4,5,5,4,5,5,4,5,4,4,4,4,4
64,4,5,4,4,5,4,5,4,5,4,4,4,4,4,4,5,5,5,5,5,5,5,5,4,4,5,4,5,5,5,5,4,4,5,4,4,5,4,4,4,5,4,4,5,4,5,5,5,4,5
65,4,4,5,4,4,4,4,4,5,4,5,4,5,,4,5,4,4,4,5,4,5,4,5,5,5,5,4,5,5,5,4,4,4,5,4,5,5,4,5,5,5,5,5,4,4,5,5,5,5
66,4,5,5,4,5,5,5,5,4,4,5,5,4,5,5,5,4,5,4,5,4,4,4,5,5,5,5,4,4,5,5,4,5,4,5,5,4,5,5,5,5,5,5,4,5,4,5,5,5,5
67,4,3,3,4,4,4,4,5,3,4,4,4,4,4,4,5,4,5,4,5,5,4,5,5,4,5,5,5,4,5,5,4,5,5,5,5,5,5,4,5,5,5,5,4,5,4,5,4,4,4
68,4,4,5,4,5,4,5,4,5,4,5,5,4,5,5,4,5,5,5,5,5,4,5,5,5,4,5,4,4,5,5,5,5,4,5,5,5,5,5,5,5,5,5,5,4,5,4,5,5,5
69,5,4,4,4,5,4,5,5,5,4,4,3,4,4,4,5,5,5,5,4,5,5,5,5,5,5,5,5,5,5,5,4,5,5,4,5,5,5,4,5,4,5,5,4,5,5,5,5,5,5
70,4,5,4,5,4,4,5,4,5,5,5,4,5,5,5,5,5,4,5,5,4,5,5,5,5,5,5,5,5,5,5,5,5,5,5,5,5,4,5,4,4,4,5,5,4,5,4,5,5,5
71,5,4,5,4,5,5,5,4,5,4,4,5,5,5,5,4,4,5,4,5,4,5,4,5,4,4,5,5,5,5,5,5,4,5,5,5,5,5,5,4,4,5,5,4,5,5,4,5,5,5
72,5,5,5,4,4,5,4,5,5,4,5,5,4,5,5,4,5,4,4,5,4,4,4,5,5,5,4,5,5,5,4,5,5,4,5,5,5,4,4,5,4,4,4,5,5,5,5,4,5,5
73,4,5,4,5,4,4,5,5,4,5,4,4,4,5,5,4,4,5,4,4,5,4,4,5,5,4,5,4,4,5,4,5,5,4,4,4,5,5,5,4,4,5,4,5,4,5,4,5,4,4
74,4,4,4,4,4,4,5,5,4,5,4,5,4,4,5,5,4,4,5,4,5,4,4,5,4,5,5,4,5,5,5,4,5,4,4,4,4,4,5,4,4,4,5,4,5,5,4,5,5,5
75,5,4,4,4,5,4,4,5,4,5,4,5,5,4,5,5,4,4,5,4,5,5,5,4,5,5,5,5,5,5,5,4,5,4,5,5,5,4,5,5,4,5,5,5,5,5,5,5,4,5
76,5,5,4,4,4,4,5,5,5,4,5,4,5,4,5,5,4,5,5,4,5,4,5,5,5,5,5,5,5,5,5,4,5,5,4,5,5,4,5,5,4,5,5,5,5,5,4,5,5,5
77,5,5,4,5,5,5,5,5,5,4,5,5,4,5,5,5,4,5,4,4,5,5,5,5,5,4,5,4,4,5,5,4,5,5,5,5,5,4,5,5,4,5,5,5,5,4,5,5,5,5
78,4,5,4,5,5,5,4,4,4,5,5,5,4,4,4,5,4,5,5,4,5,5,5,5,5,5,5,5,5,5,5,4,5,5,5,5,5,5,5,4,4,5,4,5,5,4,5,4,5,5
79,5,4,5,4,5,5,5,5,4,5,4,5,4,4,5,4,5,4,5,5,4,5,5,4,5,5,5,5,5,5,5,5,5,4,5,5,4,5,5,4,5,5,4,5,5,5,5,5,5,5
80,5,4,5,4,4,4,4,5,4,4,5,5,5,4,5,5,5,4,5,4,4,5,5,5,5,4,5,4,5,5,5,5,4,5,5,5,5,4,5,4,5,5,4,5,4,5,4,4,4,4
81,4,5,4,4,5,4,5,5,4,5,4,5,4,5,5,5,4,5,4,5,5,5,5,5,5,5,5,4,5,5,5,5,5,5,5,5,5,5,4,5,5,5,5,5,5,5,5,5,5,5
82,5,4,5,4,5,5,5,5,4,5,5,4,4,5,5,5,5,4,4,5,5,5,5,5,5,5,5,5,5,5,5,4,5,5,4,5,5,4,5,5,5,5,5,5,4,5,4,5,5,5
83,5,4,5,4,5,5,5,5,4,4,5,4,4,5,5,5,5,4,5,4,4,5,5,5,5,4,5,5,4,5,5,5,5,5,5,5,5,4,3,3,4,4,3,3,4,4,4,5,4,4
84,4,4,3,4,5,4,4,5,4,5,4,4,5,5,5,5,4,5,5,4,5,5,5,5,5,5,5,5,4,5,5,5,5,5,4,5,5,5,5,5,5,5,5,5,5,4,5,5,5,5
85,5,5,4,5,4,5,5,5,5,4,5,5,5,5,5,5,5,5,5,4,5,5,5,5,4,5,5,5,5,5,5,5,5,4,5,5,5,5,5,5,5,5,5,5,5,5,5,5,4,5
86,5,5,4,5,4,5,5,5,4,5,4,5,4,5,5,5,5,5,5,5,5,5,5,5,5,5,5,4,5,5,5,4,5,4,5,5,5,4,5,4,5,5,5,5,5,4,5,4,5,5
87,4,4,5,4,5,4,4,5,4,5,4,4,5,4,4,5,4,5,5,5,4,4,5,4,5,4,5,4,4,4,5,4,5,4,5,5,5,4,5,4,4,4,5,4,5,5,4,5,4,5
88,4,5,4,4,5,4,4,5,4,4,5,4,5,5,5,5,4,5,4,5,5,5,5,4,5,4,4,5,5,5,5,5,4,5,5,5,4,5,5,4,5,5,5,5,5,4,4,5,4,5
89,4,4,5,4,5,4,5,5,5,4,4,3,4,4,4,5,4,5,4,5,4,4,4,5,4,4,4,5,4,4,5,5,4,5,4,5,5,4,4,5,4,4,4,5,4,4,4,5,4,4
90,5,4,5,4,5,5,5,4,5,4,5,4,5,4,5,5,5,5,4,4,5,5,5,5,5,4,5,5,4,5,5,4,5,4,5,5,5,4,5,5,5,5,5,4,5,5,4,5,5,5
91,4,4,5,4,5,4,5,4,5,5,5,4,5,4,5,4,4,3,4,3,4,4,4,4,4,4,4,4,4,4,5,4,4,4,4,4,5,5,5,5,5,5,5,5,4,4,5,5,5,5
92,4,5,5,5,5,5,5,5,5,5,5,5,5,5,5,5,5,5,5,5,5,5,5,5,5,4,5,4,4,5,5,4,5,4,4,4,4,4,4,4,5,4,5,5,4,5,3,3,4,4
93,5,4,3,3,4,4,4,5,5,4,4,4,5,4,4,5,5,4,5,4,3,3,4,5,4,4,5,4,5,5,5,4,4,5,4,4,5,4,4,5,5,5,5,4,5,4,3,3,4,4
94,4,4,3,4,4,4,4,5,5,5,4,5,4,4,5,5,4,4,2,4,4,3,4,5,5,4,5,5,4,5,5,5,5,5,4,5,5,4,5,4,5,5,5,5,4,4,5,5,4,5
95,4,4,5,5,4,4,4,5,5,4,4,5,5,4,5,4,5,4,5,5,4,4,4,4,5,4,5,4,5,5,5,5,4,5,5,5,4,4,4,5,5,4,5,4,5,5,4,5,5,5
96,5,5,4,4,4,4,4,4,5,4,4,4,5,4,4,4,4,5,4,4,4,4,4,5,4,4,4,5,4,4,5,4,5,5,4,5,5,5,5,4,5,5,4,5,5,4,4,5,5,5
97,4,5,4,4,5,4,4,4,4,5,4,4,5,5,4,4,5,5,5,4,5,5,5,4,5,4,4,4,4,4,4,5,5,5,5,5,5,5,5,5,4,5,5,5,5,4,4,5,5,5
98,3,3,4,3,4,3,4,4,4,4,4,5,5,4,4,5,4,5,4,4,4,5,4,5,4,4,5,5,5,5,5,5,5,5,4,5,4,5,4,5,4,4,5,4,4,5,4,5,5,5
99,5,4,4,4,4,4,4,4,5,5,4,4,4,5,4,5,4,4,5,5,4,4,4,5,4,4,5,4,4,4,5,4,5,5,5,5,4,4,4,4,4,4,4,5,4,4,4,4,4,4
100,5,2,2,5,4,4,4,5,4,4,5,4,4,5,4,5,4,4,5,4,4,5,4,5,4,5,5,5,4,5,4,5,4,4,5,4,5,4,5,5,4,5,5,4,4,4,4,5,4,4
101,5,4,2,3,4,4,5,4,4,3,4,3,4,3,4,4,4,3,3,3,3,4,3,4,4,4,4,5,5,4,4,4,5,4,4,4,5,4,5,4,5,5,5,4,4,4,4,5,4,4
102,3,4,4,4,4,4,4,4,3,4,4,4,4,5,4,5,4,4,5,5,4,4,4,5,5,4,5,4,4,5,5,4,4,4,5,4,3,4,4,3,4,4,4,4,5,4,4,4,5,4
103,5,3,3,3,4,4,5,5,5,5,5,5,5,5,5,4,4,3,3,4,3,3,3,3,3,4,3,3,4,3,3,4,4,4,4,4,5,5,4,4,4,4,5,5,5,5,4,4,5,5
104,4,3,4,4,3,4,5,5,4,4,5,5,4,5,5,4,5,5,4,4,2,1,4,2,3,3,2,3,4,3,4,5,5,4,4,4,5,5,4,4,4,4,4,4,4,4,4,4,5,4
105,4,4,4,5,4,4,5,5,4,4,4,5,5,4,5,4,3,2,4,4,5,4,4,4,4,5,5,5,4,5,4,5,5,5,4,5,5,4,4,5,5,5,5,5,4,5,4,4,4,4
106,4,4,4,5,4,4,3,4,3,2,3,3,3,4,3,4,5,4,3,3,2,4,4,4,4,5,4,4,5,4,5,5,4,4,5,5,5,5,5,5,5,5,5,5,5,5,5,4,5,5
107,4,4,3,4,3,4,4,4,4,3,3,3,4,4,4,4,4,4,4,4,4,4,4,5,4,5,5,4,5,5,5,5,5,4,4,5,5,4,4,4,4,4,5,5,4,5,4,4,5,5
108,4,4,4,4,5,4,4,5,5,5,4,4,4,5,5,4,5,5,4,4,4,5,4,4,4,5,5,4,5,5,5,5,5,4,4,5,4,4,4,4,4,4,5,4,4,4,5,4,4,4
109,4,3,5,4,3,4,4,5,4,5,4,5,5,5,5,4,4,4,5,5,4,5,4,5,4,4,5,5,4,5,5,5,5,5,5,5,4,3,3,3,4,3,4,4,4,5,5,4,4,4
110,4,4,5,5,5,5,4,4,5,5,5,5,4,5,5,4,4,5,4,5,5,4,4,5,4,4,5,5,4,5,5,4,5,5,5,5,4,4,5,5,5,5,5,4,5,4,5,5,4,5
111,3,4,3,4,3,3,4,5,4,4,5,4,4,5,4,4,4,4,4,5,4,5,4,5,5,5,5,4,4,5,5,4,4,5,5,5,4,4,5,4,5,4,4,5,4,5,4,5,4,4
112,4,3,4,4,4,4,4,5,5,4,5,4,4,5,5,5,5,5,5,4,5,5,5,5,4,5,5,5,5,5,5,4,4,4,5,4,5,5,5,4,4,5,4,4,5,4,4,3,4,4
113,4,4,4,5,4,4,5,4,5,5,5,4,5,5,5,5,5,4,4,5,5,4,5,5,5,4,5,5,4,5,5,5,5,5,5,5,5,5,4,4,4,4,5,4,5,5,5,5,4,5
114,3,4,4,5,4,4,5,4,5,5,5,4,5,5,5,5,4,5,4,5,5,4,5,5,4,5,5,4,5,5,5,4,5,4,5,5,5,4,4,5,5,5,4,4,5,4,4,4,5,4
115,3,2,3,2,3,3,4,5,4,4,4,4,4,4,4,5,4,4,2,4,4,3,4,4,4,4,5,4,4,4,5,4,4,4,5,4,4,3,3,4,4,4,3,4,4,4,3,4,4,4
116,5,4,3,2,3,3,4,4,4,4,3,3,4,3,4,3,3,3,2,3,4,4,3,5,5,5,4,5,5,5,4,4,4,5,5,4,5,4,4,5,5,5,4,4,4,4,4,5,4,4
117,5,5,4,5,5,5,5,5,4,5,4,4,4,4,4,4,4,5,4,5,4,4,4,5,5,5,5,4,4,5,4,4,5,4,5,4,5,4,5,4,5,5,5,5,5,5,4,5,4,5
118,3,3,3,3,4,3,4,5,4,5,5,5,5,4,5,5,4,4,3,3,2,2,3,4,4,4,4,4,4,4,4,4,4,4,5,4,4,4,5,4,4,4,5,4,5,4,2,3,4,4
119,4,4,4,4,5,4,5,4,4,4,4,5,4,5,4,4,4,4,4,5,5,5,4,5,4,5,5,5,5,5,5,4,5,5,5,5,4,4,5,5,5,5,5,4,4,4,5,4,4,4
120,3,4,4,4,5,4,4,4,4,4,5,4,4,5,4,4,4,4,4,4,4,5,4,5,5,4,5,4,4,5,5,5,5,5,5,5,4,4,4,4,5,4,5,5,5,5,4,4,4,5
121,3,4,4,4,4,4,5,4,5,2,3,3,3,3,4,4,3,3,3,4,4,4,4,4,4,4,5,4,4,4,5,4,4,4,4,4,5,5,4,5,5,5,5,5,4,4,5,4,4,4
122,3,3,4,3,4,3,4,4,4,4,4,4,4,4,4,5,4,4,4,5,5,5,5,4,4,4,5,4,4,4,4,4,4,4,5,4,5,4,4,4,5,4,5,5,4,4,4,4,5,4
123,4,4,5,5,5,5,5,5,5,5,5,5,5,5,5,5,5,5,5,5,5,5,5,5,5,5,5,5,5,5,5,5,5,5,5,5,5,5,5,5,5,5,5,5,5,5,5,5,5,5
124,4,4,4,5,5,4,5,4,4,5,5,4,4,4,4,5,5,4,5,5,5,5,5,5,5,4,5,5,5,5,5,5,5,5,5,5,5,5,5,5,5,5,5,4,4,5,5,5,5,5
125,5,4,3,4,4,4,4,5,5,5,5,5,5,5,5,5,4,4,5,5,5,5,5,5,4,4,5,5,5,5,5,4,4,5,5,5,5,5,5,5,5,5,5,5,5,5,4,4,4,5
126,3,4,4,5,4,4,5,5,5,5,4,5,5,5,5,5,4,5,5,5,4,5,5,5,5,4,4,4,4,4,5,4,4,5,5,5,5,5,5,5,5,5,5,5,5,5,5,5,5,5
127,3,3,2,3,3,3,4,4,4,4,4,5,5,5,4,5,3,4,4,4,4,5,4,4,5,4,5,4,5,5,4,5,4,5,4,4,5,5,4,5,4,5,4,5,5,4,5,5,5,5
128,4,4,4,4,4,4,4,4,4,5,5,5,4,5,5,5,4,5,5,5,4,4,5,4,4,4,2,3,3,3,4,4,4,4,4,4,4,4,4,4,5,4,4,5,5,4,5,4,5,5
129,4,4,4,5,4,4,5,5,5,5,4,4,5,5,5,4,5,5,5,5,5,5,5,5,5,5,5,5,5,5,5,5,5,5,5,5,5,5,5,5,5,5,5,5,5,4,5,5,5,5
130,4,4,4,4,4,4,3,3,4,3,2,3,4,4,3,5,4,4,5,4,5,5,5,5,4,5,5,4,4,5,5,4,4,5,4,4,5,5,4,4,5,5,5,4,4,,4,4,5,4
131,4,3,4,4,4,4,5,4,4,5,4,4,5,5,5,5,4,5,4,5,5,4,5,5,4,4,5,5,4,5,5,5,4,5,5,5,5,5,4,4,4,4,5,4,4,4,4,5,4,4
132,4,4,4,5,4,4,5,4,4,5,4,4,4,5,4,5,4,4,4,5,4,4,4,5,4,4,5,4,4,4,5,4,5,4,4,4,4,4,4,4,4,4,4,4,4,4,5,4,4,4
133,4,5,4,4,4,4,5,4,5,4,4,4,4,5,4,4,4,4,3,4,4,4,4,4,4,5,4,5,4,4,4,4,4,4,5,4,4,5,4,4,5,4,4,4,5,4,4,5,5,4
134,4,4,4,4,4,4,5,3,5,4,4,4,5,4,4,5,4,5,4,5,5,4,5,5,4,5,5,5,5,5,5,4,5,5,5,5,5,5,5,5,5,5,5,5,5,5,5,5,5,5
135,3,4,3,3,4,3,5,5,4,4,5,4,4,5,5,5,4,4,5,4,5,4,4,5,4,5,4,4,5,5,4,4,4,5,5,4,4,5,4,4,5,4,5,4,4,4,5,4,5,4
136,3,3,3,4,3,3,4,4,4,5,5,5,4,5,5,5,5,5,4,5,5,4,5,5,5,4,5,5,5,5,5,5,4,5,5,5,5,4,5,5,5,5,4,5,5,4,5,5,5,5
137,4,4,4,4,5,4,4,5,4,5,5,5,5,5,5,5,4,5,4,5,5,5,5,5,5,4,5,5,5,5,5,5,5,5,5,5,5,4,4,4,4,4,5,4,4,5,4,5,4,4
138,4,4,4,5,4,4,5,4,4,5,4,5,4,5,5,4,5,5,5,5,5,4,5,5,4,5,5,4,4,5,5,4,4,5,4,4,5,4,4,5,4,4,5,4,4,4,4,4,4,4
139,4,4,4,4,4,4,5,4,4,3,4,4,4,5,4,5,4,5,4,4,5,4,4,5,4,4,4,4,4,4,4,5,4,4,5,4,5,5,5,4,5,5,5,5,5,4,4,4,5,5
140,4,4,4,5,4,4,5,4,4,5,4,5,4,5,5,5,4,4,4,5,4,4,4,4,4,4,4,4,4,4,5,4,4,4,4,4,4,4,4,4,4,4,5,4,4,4,4,4,4,4
141,5,4,4,4,4,4,5,5,5,4,5,4,4,5,5,5,4,4,4,5,4,5,4,5,4,5,5,4,5,5,5,5,4,5,4,5,5,5,4,5,5,5,5,5,5,5,4,4,4,5
142,4,2,2,4,4,3,5,5,4,4,5,4,5,4,5,5,4,4,4,3,4,4,4,5,4,5,5,5,4,5,5,4,5,5,5,5,5,5,4,3,4,4,4,5,4,5,5,5,5,5
143,4,4,3,4,4,4,5,5,5,4,4,5,5,5,5,5,4,5,5,4,5,5,5,4,5,5,5,5,5,5,4,4,5,5,4,4,4,5,5,4,4,4,4,4,3,4,4,5,5,4
144,4,4,2,3,4,3,5,5,5,5,4,4,4,4,5,4,4,4,5,4,5,4,4,4,5,4,4,4,4,4,5,4,4,4,4,4,4,4,4,4,5,4,5,5,4,4,4,4,4,4
145,4,4,5,4,4,4,5,4,5,4,4,4,4,5,4,4,4,5,4,5,5,4,4,4,4,5,4,4,5,4,5,4,5,5,5,5,4,4,5,5,5,5,4,4,5,4,4,5,4,4
146,4,4,4,5,5,4,5,5,5,4,5,4,4,5,5,5,4,4,5,5,4,5,5,5,5,4,5,5,5,5,4,5,4,5,5,5,5,5,4,5,5,5,5,5,5,5,4,4,5,5
147,3,4,4,4,5,4,5,4,5,5,5,4,4,4,5,5,4,5,4,4,5,4,4,5,4,5,5,4,4,5,4,5,4,4,5,4,4,5,5,4,4,4,5,4,4,5,4,5,5,5
148,4,4,5,4,5,4,4,4,4,3,4,4,5,5,4,5,4,5,5,5,5,5,5,5,4,5,5,4,4,5,5,5,5,5,5,5,5,5,5,4,4,5,5,4,4,4,4,4,4,4
149,3,4,4,4,4,4,5,4,4,4,4,3,4,4,4,5,4,4,3,4,4,4,4,4,4,4,4,4,3,4,5,4,4,4,4,4,4,4,4,3,3,4,4,3,2,3,4,3,3,3
150,4,3,4,4,4,4,4,5,4,4,2,3,3,4,4,4,3,4,4,4,4,3,4,4,4,4,3,4,4,4,4,4,3,4,4,4,4,5,4,4,5,4,4,5,4,4,4,5,4,4
151,4,4,5,4,4,4,5,4,4,3,2,4,3,4,4,4,4,3,4,4,4,3,4,4,4,4,3,4,4,4,3,4,4,4,3,4,5,5,4,4,5,5,4,5,4,4,3,5,4,4
152,4,2,3,3,4,3,4,4,4,5,5,4,5,4,4,5,4,4,5,4,5,4,4,5,4,5,5,4,5,5,5,4,4,5,4,4,5,4,4,4,3,4,4,5,4,4,4,5,3,4
153,4,3,4,3,4,4,4,4,4,4,4,4,4,3,4,4,4,4,4,4,3,4,4,4,3,4,4,3,4,4,4,4,3,4,3,4,4,3,4,4,4,4,5,3,2,3,4,3,5,4
154,5,3,4,5,4,4,5,4,5,4,5,4,5,5,5,4,5,4,4,5,4,5,4,5,4,4,5,5,4,5,5,4,4,5,4,4,4,4,4,5,4,4,4,4,4,5,3,4,4,4
155,4,4,5,4,5,4,5,4,3,4,4,4,3,4,4,5,5,4,4,5,4,5,5,3,4,5,5,4,5,4,5,4,5,4,5,5,4,5,4,4,5,4,4,5,5,4,4,5,4,4
156,4,4,4,5,4,4,5,4,4,3,4,3,5,4,4,5,4,4,5,4,3,5,4,4,4,5,4,4,5,4,4,5,4,4,4,4,5,4,5,4,5,5,5,5,5,4,4,5,4,5
157,4,4,5,4,4,4,5,4,4,5,4,3,5,4,4,5,5,4,5,4,4,4,4,4,5,4,4,4,5,4,4,4,3,4,5,4,4,4,5,4,5,4,4,5,4,4,5,4,4,4
158,4,4,5,4,4,4,5,4,4,5,4,3,5,4,4,5,5,4,5,4,4,4,4,4,5,4,4,4,5,4,4,4,3,4,5,4,4,4,5,4,5,4,4,5,4,4,5,4,4,4
159,4,4,5,4,4,4,5,4,4,4,4,5,4,4,4,5,4,5,4,4,4,4,4,5,4,5,4,5,4,5,5,4,4,4,5,4,5,4,2,3,5,4,4,3,4,5,4,4,5,4
160,4,5,4,5,4,4,5,4,5,4,5,4,5,4,5,5,4,5,4,5,4,5,5,4,4,5,4,5,4,4,5,4,5,4,5,5,5,4,5,4,5,5,4,4,5,5,4,4,5,4
161,4,3,4,3,4,4,3,4,3,4,3,4,4,5,4,4,5,4,5,4,5,4,4,5,4,4,3,4,3,4,4,4,3,4,5,4,5,4,5,5,5,5,4,4,5,4,5,4,5,4
162,4,4,3,5,4,4,5,4,5,4,5,4,5,4,5,5,5,4,5,4,5,4,5,5,4,4,5,5,5,5,4,5,4,4,5,4,5,4,4,5,4,4,5,4,5,4,4,4,5,4
163,5,4,3,4,5,4,4,5,4,3,4,5,5,4,4,4,5,4,4,5,4,4,4,5,5,4,5,4,4,5,5,5,5,5,4,5,4,4,4,4,5,4,4,4,4,4,5,4,5,4
164,4,5,5,5,4,5,4,5,4,5,4,4,5,4,4,5,5,4,5,4,4,5,5,4,4,5,5,4,4,4,5,4,5,4,5,5,5,5,4,3,4,4,5,4,4,4,4,5,4,4
165,4,5,4,5,5,5,4,5,5,5,5,4,5,4,5,5,4,4,5,4,5,4,4,5,4,4,5,4,4,4,5,4,5,5,5,5,4,4,5,5,5,5,5,4,4,5,5,4,4,4
166,4,5,4,5,5,5,5,5,5,4,5,5,5,4,5,5,5,5,5,5,3,2,4,4,5,5,4,5,4,5,5,4,5,5,5,5,4,4,5,5,5,5,4,5,5,5,5,5,4,5
167,4,5,4,4,5,4,4,5,5,4,5,5,5,5,5,4,4,5,5,5,5,4,5,5,5,5,5,4,5,5,5,4,5,5,5,5,5,4,5,5,4,5,5,5,5,4,5,5,4,5
168,4,5,4,4,5,4,5,5,4,4,5,5,4,4,5,5,5,5,4,4,4,4,4,5,4,4,5,5,5,5,5,5,5,5,5,5,5,4,4,5,4,4,5,4,5,5,4,5,5,5
169,4,4,5,4,4,4,5,5,5,5,5,5,5,5,5,5,4,4,4,4,4,5,4,4,4,5,5,4,5,5,4,4,4,5,5,4,4,4,5,5,5,5,4,4,5,5,4,4,5,4
170,5,3,4,3,4,4,4,5,4,4,4,5,4,5,4,4,4,4,5,5,5,4,4,5,4,4,5,4,5,5,4,5,4,4,5,4,4,4,5,4,5,4,5,4,5,5,5,5,5,5
171,4,4,5,4,4,4,5,5,4,5,4,5,5,5,5,5,4,5,4,4,5,5,5,5,4,5,5,4,5,5,5,5,4,4,5,5,4,4,5,5,4,4,5,5,5,5,4,5,5,5
172,5,4,5,5,4,5,5,5,5,5,5,5,4,5,5,5,4,5,4,5,5,4,5,5,5,4,5,4,5,5,4,4,5,4,5,4,4,5,5,4,5,5,4,4,5,4,5,4,4,4
173,4,4,4,5,4,4,5,5,4,5,4,5,4,4,5,5,4,4,4,5,4,4,4,5,4,5,5,5,4,5,5,5,4,4,5,5,5,4,5,4,5,5,4,5,4,5,4,4,5,4
174,4,5,4,4,5,4,4,5,5,4,5,5,5,4,5,5,4,5,3,4,4,4,4,4,4,5,4,4,5,4,5,4,5,5,5,5,5,5,5,5,5,5,4,5,4,5,5,4,5,5
175,4,2,2,3,4,3,5,5,5,5,4,5,5,4,5,5,5,5,4,5,4,5,5,4,5,5,4,5,5,5,5,4,4,4,5,4,5,5,5,4,5,5,4,5,5,4,4,4,4,4
176,4,4,3,4,3,4,3,4,5,4,5,4,4,4,4,5,4,5,5,5,5,4,5,4,5,5,5,4,5,5,4,5,5,4,5,5,4,4,4,5,4,4,4,5,4,4,4,5,4,4
177,4,4,3,4,4,4,4,5,4,4,5,4,5,4,4,5,4,4,4,5,4,4,4,5,4,5,4,4,4,4,4,5,5,5,5,5,5,4,5,4,5,5,5,4,5,5,4,5,4,5
178,5,4,5,5,5,5,5,5,5,5,5,4,5,5,5,5,5,5,4,5,4,5,5,5,4,4,5,5,5,5,5,4,5,5,3,4,4,4,5,5,5,5,5,5,5,5,5,5,5,5
179,4,4,4,4,5,4,5,4,5,4,4,5,4,4,4,5,4,4,4,5,5,5,5,5,4,5,5,5,5,5,5,5,5,4,5,5,5,5,5,5,4,5,5,4,4,5,4,4,4,4
180,3,3,4,4,4,4,5,5,4,5,4,4,4,4,4,5,4,5,5,5,5,5,5,5,5,4,4,4,4,4,5,4,5,5,5,5,5,5,4,5,4,5,5,4,4,4,3,3,4,4
181,2,3,3,4,4,3,5,5,5,5,4,5,5,5,5,5,4,5,5,5,5,4,5,5,5,4,5,5,5,5,5,5,4,4,5,5,5,4,4,4,5,4,5,5,4,4,5,5,4,5
182,4,4,4,4,4,4,5,4,4,5,5,4,4,4,4,5,4,4,4,4,4,5,4,5,5,5,5,4,4,5,5,4,4,5,5,5,5,5,4,5,5,5,5,5,4,5,5,5,4,5
183,4,4,5,5,5,5,5,5,5,5,4,5,4,5,5,5,5,4,5,5,5,5,5,5,5,5,5,5,4,5,4,4,4,4,5,4,5,5,5,5,4,5,5,4,4,4,5,5,4,4
184,3,3,4,4,4,4,4,4,4,4,4,5,5,5,4,5,5,5,4,5,5,5,5,5,5,5,5,4,4,5,5,5,5,5,5,5,5,4,4,4,5,4,5,4,4,5,4,4,5,4
185,4,4,5,4,4,4,5,4,4,5,4,4,4,4,4,5,4,4,4,4,4,5,4,5,4,5,5,4,5,5,4,4,5,5,4,4,5,5,4,4,5,5,5,5,4,5,5,4,4,5
186,4,4,5,4,5,4,5,5,5,4,5,5,4,5,5,5,4,4,5,5,5,4,5,5,4,4,5,5,4,5,5,4,4,4,4,4,5,4,4,4,4,4,4,4,4,4,4,4,4,4
187,4,4,4,5,4,4,5,5,5,4,5,5,5,4,5,5,4,4,4,5,5,4,4,5,4,5,5,4,4,5,5,4,5,5,5,5,5,5,4,4,5,5,5,5,5,5,5,4,5,5
188,4,4,4,4,4,4,5,4,4,4,4,4,4,4,4,4,4,4,4,4,4,4,4,4,4,4,5,4,4,4,5,5,4,5,4,5,5,5,4,5,5,5,5,4,4,5,4,5,4,4
189,4,4,4,5,5,4,5,5,4,5,4,5,5,4,5,5,4,5,5,5,5,5,5,5,4,5,5,4,4,5,4,4,5,4,4,4,5,,4,4,4,4,4,4,4,4,4,4,4,4
190,3,4,3,4,4,4,5,4,4,5,4,4,5,5,5,5,4,5,5,4,4,4,4,5,4,4,5,4,4,4,5,5,5,5,5,5,5,5,5,5,5,5,5,4,5,5,4,4,4,4
191,4,4,4,4,4,4,5,5,5,4,5,5,5,4,5,5,4,4,4,5,5,5,5,5,4,4,5,5,5,5,5,4,5,5,5,5,5,4,5,4,4,4,4,4,4,4,5,5,4,4
192,4,4,4,4,5,4,5,5,5,5,4,5,5,4,5,5,4,5,5,5,5,5,5,5,5,5,5,5,5,5,5,5,5,5,5,5,5,5,5,5,5,5,5,5,5,4,5,5,5,5
193,5,4,5,5,5,5,5,5,5,5,4,5,5,5,5,5,4,4,5,4,4,5,4,5,4,4,5,5,4,5,5,4,5,5,5,5,5,4,5,5,5,5,5,5,4,4,4,4,4,4
194,4,4,4,4,4,4,5,5,5,5,4,5,4,4,5,5,4,4,4,5,5,5,5,5,5,4,5,4,5,5,5,4,5,4,5,5,4,5,4,4,5,4,5,5,4,5,5,4,4,5
195,5,4,5,4,4,4,5,5,5,5,4,4,5,5,5,5,4,4,5,4,5,4,4,4,4,4,5,5,5,5,5,5,5,5,5,5,5,5,5,5,5,5,5,5,5,5,4,5,5,5
196,3,4,3,4,4,4,5,5,5,4,4,4,4,5,5,5,4,4,5,5,5,5,5,5,4,5,5,5,4,5,5,4,5,5,5,5,5,5,5,5,4,5,5,4,4,4,5,4,4,4
197,4,4,4,4,4,4,5,5,5,5,4,4,5,5,5,5,5,3,5,5,5,5,5,5,5,5,5,5,4,5,5,5,4,5,5,5,5,5,5,5,5,5,5,5,5,5,4,4,4,5
198,4,4,5,5,5,5,5,5,4,5,4,5,5,5,5,5,4,5,5,4,4,5,5,5,5,5,5,5,5,5,5,4,4,4,5,4,5,5,5,5,5,5,5,4,5,5,5,5,5,5
199,5,4,5,5,5,5,4,5,5,5,5,5,5,5,5,5,5,4,5,5,5,5,5,5,5,5,5,5,5,5,5,5,5,5,5,5,5,5,5,4,5,5,5,5,5,5,5,5,5,5
200,5,4,4,4,3,4,4,5,4,5,4,4,5,4,4,5,4,5,4,4,5,5,5,4,4,5,5,4,4,4,5,4,5,5,4,5,5,4,4,5,4,4,5,4,5,5,5,5,4,5
201,4,4,5,4,4,4,3,5,4,4,3,5,4,4,4,5,4,5,4,4,5,4,4,4,5,5,5,3,5,5,5,5,5,5,5,5,5,5,5,5,5,5,5,4,4,5,4,5,5,5
202,4,5,5,5,5,5,5,5,5,5,5,5,5,5,5,5,5,5,5,5,5,5,5,5,5,5,5,5,5,5,5,5,4,5,5,5,5,5,5,5,5,5,5,4,5,5,5,5,5,5
203,5,4,3,3,4,4,5,4,5,4,5,5,5,4,5,5,4,5,5,5,4,5,5,5,5,5,5,5,5,5,5,4,4,4,5,4,5,5,4,5,5,5,5,5,5,5,5,5,5,5
